Country,Region
Switzerland,Europe
Iceland,Europe
Denmark,Europe
Norway,Europe
Canada,Americas
Finland,Europe
Netherlands,Europe
Sweden,Europe
New Zealand,Oceania
Australia,Oceania
Israel,Asia
Costa Rica,Americas
Austria,Europe
Mexico,Americas
United States,Americas
Brazil,Americas
Luxembourg,Europe
Ireland,Europe
Belgium,Europe
United Arab Emirates,Asia
United Kingdom,Europe
Oman,Asia
Venezuela,Americas
Singapore,Asia
Panama,Americas
Germany,Europe
Chile,Americas
Qatar,Asia
France,Europe
Argentina,Americas
Czech Republic,Europe
Uruguay,Americas
Colombia,Americas
Thailand,Asia
Saudi Arabia,Asia
Spain,Europe
Malta,Europe
Kuwait,Asia
Suriname,Americas
El Salvador,Americas
Guatemala,Americas
Uzbekistan,Asia
Slovakia,Europe
Japan,Asia
Ecuador,Americas
Bahrain,Asia
Italy,Europe
Bolivia,Americas
Moldova,Europe
Paraguay,Americas
Kazakhstan,Asia
Slovenia,Europe
Lithuania,Europe
Nicaragua,Americas
Peru,Americas
Belarus,Europe
Poland,Europe
Malaysia,Asia
Croatia,Europe
Libya,Africa
Russia,Europe
Jamaica,Americas
Cyprus,Europe
Algeria,Africa
Kosovo,Europe
Turkmenistan,Asia
Mauritius,Africa
Estonia,Europe
Indonesia,Asia
Vietnam,Asia
Turkey,Asia
Kyrgyzstan,Asia
Nigeria,Africa
Bhutan,Asia
Azerbaijan,Asia
Pakistan,Asia
Jordan,Asia
Montenegro,Europe
China,Asia
Zambia,Africa
Romania,Europe
Serbia,Europe
Portugal,Europe
Latvia,Europe
Philippines,Asia
Morocco,Africa
Mozambique,Africa
Albania,Europe
Bosnia and Herzegovina,Europe
Lesotho,Africa
Dominican Republic,Americas
Laos,Asia
Mongolia,Asia
Swaziland,Africa
Greece,Europe
Lebanon,Asia
Hungary,Europe
Honduras,Americas
Tajikistan,Asia
Tunisia,Africa
Bangladesh,Asia
Iran,Asia
Ukraine,Europe
Iraq,Asia
South Africa,Africa
Ghana,Africa
Zimbabwe,Africa
Liberia,Africa
India,Africa
Sudan,Africa
Haiti,Americas
Nepal,Asia
Ethiopia,Africa
Sierra Leone,Africa
Mauritania,Africa
Kenya,Africa
Djibouti,Africa
Armenia,Asia
Botswana,Africa
Myanmar,Asia
Georgia,Asia
Malawi,Africa
Sri Lanka,Asia
Cameroon,Africa
Bulgaria,Europe
Egypt,Africa
Yemen,Asia
Angola,Africa
Mali,Africa
Comoros,Africa
Uganda,Africa
Senegal,Africa
Gabon,Africa
Niger,Africa
Cambodia,Asia
Tanzania,Africa
Madagascar,Africa
Central African Republic,Africa
Chad,Africa
Guinea,Africa
Ivory Coast,Africa
Burkina Faso,Africa
Afghanistan,Asia
Rwanda,Africa
Benin,Africa
Syria,Asia
Burundi,Africa
Togo,Africa
Puerto Rico,Americas
Belize,Americas
Somalia,Africa
Namibia,Africa
South Sudan,Africa
Gambia,Africa
Taiwan,Asia
Hong Kong,Asia
Trinidad and Tobago,Americas
South Korea,Asia
Palestinian Territories,Asia
Congo (Kinshasa),Africa
Congo (Brazzaville),Africa
Somaliland Region,Africa
Northern Cyprus,Europe
North Macedonia,Europe
